,Legal Proceedings & Law Violations,Biodiversity,Communities Health and Safety,Land Acquisition and Resettlement (S),Emergencies (Social),Corporate Governance,Responsible Investment & Greenwashing,Not Relevant to ESG,Economic Crime,Emergencies (Environmental),Hazardous Materials Management,Environmental Management,Landscape Transformation,Human Rights,Climate Risks,Labor Relations Management,Freedom of Association and Right to Organise,Employee Health and Safety,Surface Water Pollution,Animal Welfare,Water Consumption,Disclosure,Product Safety and Quality,Greenhouse Gas Emissions,Indigenous People,Cultural Heritage,Air Pollution,Waste Management,Soil and Groundwater Impact,Forced Labour,Wastewater Management,Natural Resources,Physical Impacts,Values and Ethics,Risk Management and Internal Control,Supply Chain (Environmental),Supply Chain (Social),Discrimination,Minimum Age and Child Labour,Planning Limitations,Data Safety,Strategy Implementation,Energy Efficiency and Renewables,Land Acquisition and Resettlement (E),Supply Chain (Economic / Governance),Land Rehabilitation,Retrenchment,Y,ESG-рейтинг,E Rank,E-рейтинг,S Rank,S-рейтинг,G Rank,G-рейтинг
x5 group,0.0181615389883518,0.0329396016895771,0.0173919554799795,0.0192556753754615,0.0308389533311128,0.4897762835025787,0.3743179738521576,0.337098628282547,0.1092136055231094,0.1023189276456832,0.0169416945427656,0.3213066458702087,0.0125832362100481,0.2540976405143738,0.004021530970931,0.0081240404397249,0.0301409009844064,0.2427778542041778,0.2729459702968597,0.0219968147575855,0.0070595722645521,0.0122692240402102,0.0617213137447834,0.0581458248198032,0.2242347598075866,0.0038434381131082,0.1283153146505355,0.0028486063238233,0.7750828266143799,0.0366439819335937,0.391270637512207,0.3133524060249328,0.020826956257224,0.2529762685298919,0.0038268496282398,0.0453417152166366,0.0504201874136924,0.2600283920764923,0.044493231922388,0.0425461269915103,0.079535849392414,0.0120157990604639,0.0515310652554035,0.0417093746364116,0.0465570427477359,0.0401664972305297,0.0629626512527465,19,0.6111111111111112,17,0.6111111111111112,27,0.7222222222222222,29,0.7222222222222222
алроса,0.0323510877788066,0.1566177606582641,0.0246100835502147,0.0361875109374523,0.0998793989419937,0.587354302406311,0.4800814986228943,0.5258382558822632,0.1946133226156234,0.2272988557815551,0.0388579331338405,0.6558763980865479,0.0552541203796863,0.3008918166160583,0.0235451441258192,0.0237410459667444,0.0757068246603012,0.3798685371875763,0.4844542443752289,0.0385553278028965,0.0117945149540901,0.0546825304627418,0.0897178351879119,0.1007591933012008,0.3252374529838562,0.0213365890085697,0.2410714328289032,0.0051859403029084,0.7530859112739563,0.0859093070030212,0.3065058588981628,0.4532054960727691,0.0466599240899086,0.5829944610595703,0.0099389292299747,0.0923017561435699,0.0663482248783111,0.4117847084999084,0.0749053508043289,0.0758513435721397,0.2972305715084076,0.0199118219316005,0.1003643423318862,0.1382768303155899,0.0668765604496002,0.0683429241180419,0.0904798433184623,38,0.5,46,0.2777777777777778,29,0.6111111111111112,38,0.6111111111111112
норильский никель,0.0367108657956123,0.1512963771820068,0.0154382018372416,0.0650612041354179,0.1130862683057785,0.5444426536560059,0.4264169931411743,0.4337299466133117,0.202852264046669,0.2976169884204864,0.0346846356987953,0.6268754005432129,0.0506443902850151,0.2413168996572494,0.0419939383864402,0.0212133768945932,0.0664887577295303,0.4484054744243622,0.6252403259277344,0.0961780250072479,0.0225341264158487,0.0751658454537391,0.0747813433408737,0.071385309100151,0.4303140640258789,0.0294310990720987,0.2562790811061859,0.0057289395481348,0.8173791766166687,0.0745425522327423,0.5741132497787476,0.4896531105041504,0.0506447367370128,0.5610697865486145,0.0189311448484659,0.1098712235689163,0.0522301755845546,0.2608578205108642,0.0943768247961998,0.0880538448691368,0.1569157093763351,0.0249124616384506,0.1249096021056175,0.1589188575744629,0.0936653763055801,0.0793102011084556,0.1222061589360237,10,0.7222222222222222,12,0.7222222222222222,12,0.7222222222222222,11,0.8333333333333334
vk,0.0240471791476011,0.0583576820790767,0.0171451810747385,0.0295513477176427,0.0475997701287269,0.5658764243125916,0.4329361915588379,0.5066614151000977,0.1231421679258346,0.1380960345268249,0.0174818765372037,0.5316685438156128,0.0185182336717844,0.1942101418972015,0.0111934840679168,0.0120210824534296,0.0591536723077297,0.3539207875728607,0.3592781126499176,0.0415482930839061,0.0102367047220468,0.0237083993852138,0.0737092122435569,0.0838040336966514,0.3167788982391357,0.0070881508290767,0.1812782138586044,0.0035468908026814,0.8696373701095581,0.0726748257875442,0.3780342042446136,0.3833370208740234,0.0256710108369588,0.3398411571979522,0.0060112322680652,0.0984497889876365,0.0802969485521316,0.4292621314525604,0.0624893605709075,0.0516688376665115,0.1673919707536697,0.0328888185322284,0.0678166076540947,0.0713098123669624,0.0493360608816146,0.0516146719455719,0.0792005136609077,23,0.6111111111111112,35,0.3888888888888889,6,0.8333333333333334,41,0.6111111111111112
мкб,0.0244145207107067,0.08541239798069,0.0208779424428939,0.0274447593837976,0.058523952960968,0.6658244729042053,0.4492963850498199,0.5267742276191711,0.1658433973789215,0.1744881570339203,0.0284579936414957,0.5562991499900818,0.0336275734007358,0.4372778832912445,0.0070661935023963,0.0092942593619227,0.0419107787311077,0.3801243901252746,0.393170028924942,0.0267463475465774,0.010582054965198,0.025087958201766,0.0747074708342552,0.0628141984343528,0.3746816217899322,0.0091444943100214,0.2281275540590286,0.0036501188296824,0.7947515249252319,0.0546586364507675,0.3311634361743927,0.4183882772922516,0.0371212884783744,0.4709169864654541,0.004862802568823,0.0741121023893356,0.0466799326241016,0.3955038487911224,0.071800448000431,0.0496842041611671,0.1571122109889984,0.017959464341402,0.0718449726700782,0.0719722956418991,0.0728043615818023,0.0548630394041538,0.0626493170857429,7,0.8333333333333334,7,0.7222222222222222,10,0.7222222222222222,17,0.8333333333333334
фосагро,0.0282541494816541,0.0584019534289836,0.0213173795491457,0.0266278702765703,0.0467349290847778,0.5904120206832886,0.5081341862678528,0.5449400544166565,0.1638857722282409,0.169555053114891,0.0266070831567049,0.416936993598938,0.021468011662364,0.2703702449798584,0.0087862564250826,0.0109152263030409,0.0534904897212982,0.3342747688293457,0.3861896693706512,0.0584431216120719,0.010456996038556,0.0244332943111658,0.0967122092843055,0.0726868286728859,0.3154557943344116,0.0070015573874115,0.1952056735754013,0.0038474698085337,0.8357521295547485,0.0704355984926223,0.4614705443382263,0.4050755500793457,0.0430073849856853,0.2998506426811218,0.0099360197782516,0.0983009338378906,0.0789379328489303,0.4107463657855987,0.0671437457203865,0.0642540529370307,0.1551596671342849,0.023508608341217,0.1007666811347007,0.082296647131443,0.066161572933197,0.063646875321865,0.0899795964360237,2,0.8333333333333334,5,0.8333333333333334,3,0.8333333333333334,2,0.9444444444444444
полюс,0.0296505223959684,0.06154390797019,0.0303794890642166,0.0269033461809158,0.0393648631870746,0.552986204624176,0.4549726247787475,0.5704822540283203,0.1485769003629684,0.1292492002248764,0.0233904123306274,0.370062381029129,0.0251736287027597,0.3125719130039215,0.0073553244583308,0.0158883538097143,0.0553400106728076,0.287816047668457,0.3769941031932831,0.0344795174896717,0.0093447910621762,0.0227922089397907,0.1011264398694038,0.060393325984478,0.2326949387788772,0.0060053463093936,0.1687808483839035,0.0036984307225793,0.8127486705780029,0.0653139054775238,0.4675767719745636,0.3915029764175415,0.0352193489670753,0.2930324971675873,0.0061299903318285,0.0877884179353714,0.0650618150830268,0.3406409621238708,0.0606052465736866,0.0643057972192764,0.1558359861373901,0.0194355174899101,0.0812023878097534,0.063464231789112,0.067147359251976,0.0431186482310295,0.062543012201786,3,0.8333333333333334,1,0.8333333333333334,2,0.8333333333333334,14,0.8333333333333334
транснефть,0.0258476790040731,0.0663647577166557,0.0163785945624113,0.0276598799973726,0.0567509233951568,0.4736757576465606,0.3370672166347503,0.6464157104492188,0.1518273949623108,0.2000721096992492,0.0277846958488225,0.4890888929367065,0.0171615332365036,0.1539231687784195,0.0074565596878528,0.0131729794666171,0.0442691445350647,0.3253097534179687,0.3936793506145477,0.0429824069142341,0.0136710628867149,0.0209398176521062,0.0727161318063736,0.0606182515621185,0.3895443677902221,0.0056060557253658,0.1987324059009552,0.0039534107781946,0.809868335723877,0.0610120482742786,0.2795479595661163,0.3982742428779602,0.0347015857696533,0.2402423024177551,0.0105333738029003,0.0943473875522613,0.0673262402415275,0.4378302991390228,0.0766021534800529,0.0527653954923152,0.1344010680913925,0.0269690807908773,0.072366714477539,0.064111053943634,0.0726934522390365,0.0494383126497268,0.0549919940531253,94,0.2777777777777778,82,0.16666666666666666,76,0.2777777777777778,115,0.2777777777777778
интер рао,0.0235667861998081,0.0465491712093353,0.0177432782948017,0.0214559193700552,0.0513566024601459,0.6463168859481812,0.3487733006477356,0.5289859771728516,0.200326457619667,0.1064111068844795,0.0167105086147785,0.3283140957355499,0.0204329714179039,0.1924502104520797,0.0057839825749397,0.0131948534399271,0.055438108742237,0.2427697926759719,0.3150954842567444,0.0319123305380344,0.0096497796475887,0.0167531929910182,0.0967831090092659,0.0733052119612693,0.2828761339187622,0.0043485523201525,0.13896444439888,0.0036849826574325,0.7601411938667297,0.0604613311588764,0.3821993172168731,0.4619704782962799,0.0374272167682647,0.2349785715341568,0.0068698585964739,0.0744350850582122,0.051041517406702,0.3557040989398956,0.0524421110749244,0.0454061031341552,0.1581465005874633,0.0310273766517639,0.0743214339017868,0.0808684602379798,0.0696334242820739,0.0545115210115909,0.06439159065485,25,0.6111111111111112,27,0.5,33,0.6111111111111112,22,0.7222222222222222
новатэк,0.0606267265975475,0.1350676864385604,0.0140258837491273,0.0597105361521244,0.0956773087382316,0.6048475503921509,0.3965337574481964,0.6079099774360657,0.2358941733837127,0.2200593948364257,0.0390858650207519,0.7383549213409424,0.0751532614231109,0.2593410611152649,0.1530131697654724,0.0406302213668823,0.0408592820167541,0.3624373376369476,0.5303142666816711,0.0799533501267433,0.014589911326766,0.099177561700344,0.0948678627610206,0.1076692566275596,0.2098499238491058,0.0423359088599681,0.3218507170677185,0.0118581308051943,0.8088954091072083,0.180406853556633,0.5064671039581299,0.6108437776565552,0.0441175289452075,0.708044707775116,0.0293505564332008,0.0902941972017288,0.0683201998472213,0.2426507174968719,0.0768294930458068,0.1206860840320587,0.1803227365016937,0.0431095398962497,0.0845041126012802,0.1383508294820785,0.0777047351002693,0.0247752815485,0.1028002500534057,28,0.6111111111111112,28,0.5,31,0.6111111111111112,32,0.6111111111111112
мтс,0.0241771880537271,0.0719967782497406,0.0199395529925823,0.0422616675496101,0.0684700459241867,0.5731285214424133,0.4349217116832733,0.5393604040145874,0.1614001840353012,0.1568955928087234,0.0276905670762062,0.4749575853347778,0.0233512874692678,0.2721353769302368,0.012528539635241,0.0200683288276195,0.0838497132062912,0.3596711754798889,0.4119051098823547,0.0529979988932609,0.0112178511917591,0.030232785269618,0.1272171884775161,0.0926717221736908,0.3279168009757995,0.0096081187948584,0.1871576309204101,0.005132776685059,0.8573765158653259,0.0963698178529739,0.5195768475532532,0.5676807165145874,0.0484905019402504,0.3924712240695953,0.0097886128351092,0.1136822775006294,0.0790163874626159,0.4021351039409637,0.0638622343540191,0.0704200789332389,0.2251970916986465,0.0433607175946235,0.1333429962396621,0.1078823283314704,0.0743120685219764,0.0660130754113197,0.0744640529155731,24,0.6111111111111112,47,0.2777777777777778,26,0.7222222222222222,10,0.8333333333333334
positive technologies,0.0271410718560218,0.0448322109878063,0.0158020891249179,0.0227716788649559,0.0301299951970577,0.5817980170249939,0.4173735082149505,0.4687838852405548,0.2292277216911316,0.1104423627257347,0.0206510704010725,0.4152656197547912,0.009592730551958,0.2502269148826599,0.0037163374945521,0.0083599714562296,0.0400661528110504,0.316891998052597,0.3094882071018219,0.0384135209023952,0.0076589896343648,0.0217298455536365,0.0912429839372634,0.0637100338935852,0.265062540769577,0.0051337117329239,0.1659256517887115,0.0028812356758862,0.8255407810211182,0.072826474905014,0.5007879137992859,0.4722868502140045,0.0261560790240764,0.3685592710971832,0.0043600383214652,0.0524927116930484,0.0422729589045047,0.3496767580509186,0.0445719137787818,0.0708871632814407,0.0928403139114379,0.017230000346899,0.0674407482147216,0.0412878133356571,0.067464642226696,0.0390050671994686,0.0721020326018333,75,0.2777777777777778,148,0.05555555555555555,78,0.2777777777777778,61,0.5
газпром,0.0378767922520637,0.1123418807983398,0.0293167605996131,0.0403852611780166,0.088911697268486,0.6523367762565613,0.4675353467464447,0.6336179971694946,0.2357543408870697,0.320448487997055,0.0447567515075206,0.57419753074646,0.0492457598447799,0.3727909326553345,0.0175357367843389,0.0191139802336692,0.0617211908102035,0.5297430753707886,0.500234842300415,0.0699736252427101,0.0157755110412836,0.0670226439833641,0.0858169198036193,0.0876649692654609,0.3347976803779602,0.0196640249341726,0.3024684190750122,0.0076422500424087,0.8683434128761292,0.114579863846302,0.3770225346088409,0.4687431752681732,0.0510299727320671,0.5717034935951233,0.0096905725076794,0.0979073643684387,0.0552980974316597,0.4975574612617492,0.0757255405187606,0.0667318925261497,0.1934498995542526,0.0263703223317861,0.1223089620471,0.1134574487805366,0.1075383722782135,0.0868450254201889,0.1135998368263244,34,0.6111111111111112,25,0.5,36,0.6111111111111112,50,0.6111111111111112
сбербанк,0.0236137807369232,0.0721498653292656,0.0193458050489425,0.0357974134385585,0.0563475601375103,0.664662778377533,0.4843388199806213,0.5681193470954895,0.2026873230934143,0.1779140084981918,0.0273370314389467,0.5235157608985901,0.0204751752316951,0.2739226818084717,0.0084697837010025,0.0126598048955202,0.0719815343618393,0.4120882749557495,0.3736917972564697,0.0511330664157867,0.009567579254508,0.0251809358596801,0.0870783776044845,0.068758800625801,0.4525588750839233,0.0079988809302449,0.1940796077251434,0.003934655804187,0.8574845194816589,0.0733602792024612,0.4821357727050781,0.4749453961849212,0.0398508794605731,0.3933675587177276,0.0075240680016577,0.0895203799009323,0.0944784358143806,0.4025405347347259,0.112539030611515,0.0634819790720939,0.1794278621673584,0.0334441475570201,0.11216402053833,0.096352607011795,0.0682855322957038,0.0694748535752296,0.0991638004779815,1,0.8333333333333334,2,0.8333333333333334,1,0.9444444444444444,4,0.9444444444444444
россети,0.0283573530614376,0.1051430851221084,0.0209782365709543,0.0342282354831695,0.0668700113892555,0.558849573135376,0.4296538829803467,0.5328155755996704,0.1783971637487411,0.192947968840599,0.0443489849567413,0.522858202457428,0.0374784618616104,0.2538374066352844,0.0092841042205691,0.0191571153700351,0.0577772594988346,0.4022173583507538,0.3903070986270904,0.0488278865814209,0.0126350931823253,0.0327481180429458,0.1219097375869751,0.0833074748516082,0.2975624501705169,0.0117238415405154,0.1891859620809555,0.0043584322556853,0.8381699919700623,0.0915882885456085,0.3987476527690887,0.4610553681850433,0.0519112795591354,0.4633419215679168,0.0097091645002365,0.0871403962373733,0.0734235048294067,0.4456032514572143,0.0676319301128387,0.0796949416399002,0.2250257283449173,0.0331595316529274,0.112631544470787,0.0941458716988563,0.0894952192902565,0.0648173540830612,0.0857481881976127,48,0.5,44,0.3888888888888889,40,0.5,59,0.5
пик,0.0287187341600656,0.0936166495084762,0.0208869893103837,0.0379266627132892,0.063722550868988,0.5630133748054504,0.4558971524238586,0.5801817178726196,0.1585570126771927,0.188869446516037,0.0308458637446165,0.5504090189933777,0.0253088008612394,0.2346842885017395,0.0105592738837003,0.014194767922163,0.0788095965981483,0.3659380972385406,0.3774170875549316,0.0585588254034519,0.0126774357631802,0.0331690944731235,0.1320405602455139,0.0801551863551139,0.3448114693164825,0.0119561348110437,0.1929057985544204,0.005138726439327,0.8529819846153259,0.0963677614927291,0.49624764919281,0.4718128144741058,0.03961181640625,0.4104023575782776,0.0144167216494679,0.0899982526898384,0.0713359490036964,0.4155787229537964,0.0772038772702217,0.0882869660854339,0.1988678723573684,0.028311189264059,0.0993111357092857,0.0870272293686866,0.0940983667969703,0.0502511039376258,0.1035540476441383,134,0.16666666666666666,133-134,0.05555555555555555,149,0.05555555555555555,120,0.2777777777777778
втб,0.018684284761548,0.0651393085718154,0.014445137232542,0.0337077379226684,0.0664581805467605,0.6180710792541504,0.4776073694229126,0.3774683475494385,0.2055473923683166,0.1386353522539138,0.0297772400081157,0.4704221785068512,0.0236294902861118,0.3465685248374939,0.0119442604482173,0.0111701805144548,0.0596313215792179,0.39930260181427,0.3968856930732727,0.0389147140085697,0.0078568216413259,0.0249644014984369,0.0547401122748851,0.0737790912389755,0.3772920072078705,0.0094744879752397,0.1415556967258453,0.0030812027398496,0.7885782122612,0.0608175098896026,0.4287667870521545,0.3777087330818176,0.0328853279352188,0.4416970610618591,0.0048830858431756,0.072315365076065,0.0672449991106987,0.3594900071620941,0.0660411417484283,0.0384063608944416,0.1710348129272461,0.018465643748641,0.0906079113483429,0.0753082334995269,0.0537946559488773,0.0627039894461631,0.0857961997389793,82,0.2777777777777778,107,0.05555555555555555,85,0.2777777777777778,77,0.3888888888888889
совкомфлот,0.0242483783513307,0.0638449862599372,0.0167339667677879,0.0363871790468692,0.0492145791649818,0.5999870300292969,0.4544064700603485,0.4659618139266968,0.1743345260620117,0.1646541059017181,0.0225657261908054,0.5511636137962341,0.0179698448628187,0.2806195914745331,0.0084085715934634,0.0128488484770059,0.0425995476543903,0.3845723867416382,0.4557570219039917,0.0533116944134235,0.0095902848988771,0.0356013216078281,0.0828122273087501,0.1009927317500114,0.3473989069461822,0.0078921783715486,0.2042959183454513,0.0039849677123129,0.8401221036911011,0.0826562121510505,0.5060904026031494,0.5511718988418579,0.0297544710338115,0.4107458293437958,0.0076452917419373,0.1039387285709381,0.0667077526450157,0.3715235292911529,0.0672918111085891,0.0624466389417648,0.1173596903681755,0.0204799436032772,0.0969619303941726,0.0671993046998977,0.0721192732453346,0.0545967146754264,0.0816113129258155,78,0.2777777777777778,64,0.16666666666666666,88,0.2777777777777778,81,0.3888888888888889
магнит,0.0237679481506347,0.077219046652317,0.0206683501601219,0.0290925558656454,0.0710799843072891,0.5400703549385071,0.4398631751537323,0.5498374104499817,0.1558799594640731,0.1031906083226203,0.0275054853409528,0.4222829639911651,0.0338885486125946,0.239205315709114,0.0098047144711017,0.0149149233475327,0.0507097244262695,0.3475915193557739,0.4300143420696258,0.0312291011214256,0.0102568231523036,0.0286432690918445,0.0882459059357643,0.0923724696040153,0.2431393712759018,0.006482545286417,0.2151822745800018,0.0040946132503449,0.7579190731048584,0.0584285929799079,0.354282408952713,0.4071828424930572,0.0377878993749618,0.3977076709270477,0.0097262114286422,0.0985017046332359,0.0657465010881424,0.4167576432228088,0.0552410669624805,0.0663689374923706,0.1528817117214203,0.0189263746142387,0.0910787656903266,0.0895608514547348,0.059006992727518,0.0542528443038463,0.070077933371067,79,0.2777777777777778,55,0.2777777777777778,81,0.2777777777777778,105,0.2777777777777778
самолёт,0.02500856295228,0.0619027875363826,0.0204526484012603,0.0352597311139106,0.0438501946628093,0.6303092241287231,0.4408056735992431,0.4932312071323395,0.1494657546281814,0.1722149699926376,0.0259067080914974,0.4624872803688049,0.0238292813301086,0.3413589894771576,0.0076543050818145,0.0163931958377361,0.0434849224984645,0.3042075335979461,0.3529181182384491,0.0398580133914947,0.0117573756724596,0.0258903261274099,0.1010863482952117,0.0854127779603004,0.3410684168338775,0.0088585643097758,0.2113285213708877,0.0035358627792447,0.7924233675003052,0.0927872136235237,0.4270866215229034,0.4927583634853363,0.0350437425076961,0.4389285743236542,0.0089330310001969,0.0881242901086807,0.0491052344441413,0.4378500580787658,0.0559109039604663,0.0747514590620994,0.1719375103712082,0.0266113746911287,0.0932558923959732,0.0725811868906021,0.0810966938734054,0.064716637134552,0.08716382086277,52,0.5,60,0.2777777777777778,47,0.5,43,0.6111111111111112
русгидро,0.0192425679415464,0.0462330318987369,0.0196495745331048,0.0318295955657959,0.05796405300498,0.5833826065063477,0.3966730237007141,0.4002202153205871,0.2054403126239776,0.1548829972743988,0.0243982542306184,0.4288294315338135,0.026252131909132,0.2954808175563812,0.0073815169744193,0.0104702422395348,0.044413823634386,0.3709874451160431,0.4681102037429809,0.0348222702741622,0.0107264462858438,0.0283859632909297,0.0955208763480186,0.0882931500673294,0.3797056674957275,0.0086282193660736,0.1394124031066894,0.0030437358655035,0.7657666206359863,0.0676128268241882,0.3821578919887543,0.524086058139801,0.0274623464792966,0.4208968877792358,0.0055115628056228,0.0537799634039402,0.058716095983982,0.3494282066822052,0.0523903593420982,0.0423167049884796,0.1361889690160751,0.0136421080678701,0.0866865143179893,0.0921478793025016,0.0581860914826393,0.0773991122841835,0.0712115541100502,37,0.5,29,0.5,55,0.3888888888888889,24,0.7222222222222222
en+ group,0.022794222459197,0.0900752916932106,0.0156104797497391,0.0307132881134748,0.0561058893799781,0.6072972416877747,0.4007652401924133,0.5825792551040649,0.1727747619152069,0.1729924529790878,0.0196777936071157,0.4607578814029693,0.0243795346468687,0.217796579003334,0.0056288265623152,0.013470359146595,0.0564352385699749,0.3810460269451141,0.4337762594223022,0.0422031283378601,0.01212396658957,0.0277591794729232,0.0930906310677528,0.0767326354980468,0.3699908852577209,0.005728336982429,0.234107494354248,0.0031064942013472,0.8199567794799805,0.0766368359327316,0.3782862424850464,0.4434087872505188,0.0328019224107265,0.4010801017284393,0.009946740232408,0.0980376973748207,0.0505969077348709,0.4845745265483856,0.0746940970420837,0.0782451927661895,0.1990000605583191,0.0316344946622848,0.0942070335149765,0.0797948613762855,0.0627244040369987,0.05530596524477,0.0849470123648643,26,0.6111111111111112,26,0.5,35,0.6111111111111112,20,0.7222222222222222
московская биржа,0.0196816120296716,0.0779348462820053,0.0188051667064428,0.0386292710900306,0.0584392398595809,0.5703259110450745,0.4301609396934509,0.6032723188400269,0.1801766455173492,0.1828108429908752,0.0280928537249565,0.4586135149002075,0.0207321271300315,0.249484583735466,0.0148003213107585,0.0174670908600091,0.0706379041075706,0.3909239470958709,0.4463666677474975,0.0611969083547592,0.0126392701640725,0.0285511091351509,0.1524243950843811,0.0970523878931999,0.4290597140789032,0.0081391893327236,0.2122820317745208,0.0037455521523952,0.8490085005760193,0.0818736106157302,0.4908198416233063,0.5408849716186523,0.0569319166243076,0.3853344619274139,0.0125175947323441,0.1186311915516853,0.0788658857345581,0.4931403994560241,0.0788221806287765,0.0656973794102668,0.2928560972213745,0.0404580906033515,0.1320935934782028,0.1426403224468231,0.0821785852313041,0.0762600228190422,0.0677547752857208,16,0.7222222222222222,15,0.6111111111111112,37,0.6111111111111112,3,0.9444444444444444
нлмк,0.0176432225853204,0.0721293464303016,0.0231901016086339,0.0259223692119121,0.0648618936538696,0.5074042081832886,0.4207684397697449,0.4831267893314361,0.1739678531885147,0.1522754579782486,0.0286507979035377,0.4806428551673889,0.0417832136154174,0.2972391545772552,0.0120410658419132,0.0159163735806942,0.045569535344839,0.4473311603069305,0.4717468023300171,0.0431093946099281,0.0137255918234586,0.0341683886945247,0.0875913873314857,0.10679841786623,0.320345789194107,0.0107630249112844,0.1719434410333633,0.0042306734248995,0.7386080026626587,0.0721658766269683,0.3520726263523102,0.5426486730575562,0.0322521701455116,0.478232741355896,0.0066859279759228,0.0641618520021438,0.0514173135161399,0.3574723601341247,0.0692915394902229,0.0470754392445087,0.1282491236925125,0.0179720073938369,0.1140415966510772,0.1039282232522964,0.0673615783452987,0.0681688860058784,0.0750522091984748,21,0.6111111111111112,24,0.5,19,0.7222222222222222,26,0.7222222222222222
ммк,0.0240803938359022,0.0838208943605423,0.0249233692884445,0.0204670634120702,0.0240701753646135,0.6483389735221863,0.449537843465805,0.4725974202156067,0.0868545994162559,0.1943590492010116,0.0230655819177627,0.501015841960907,0.017580384388566,0.3859043419361114,0.0051339622586965,0.0107417171820998,0.0338119156658649,0.2859591841697693,0.3121777474880218,0.0485664196312427,0.0109080364927649,0.0450976938009262,0.10746631026268,0.0345920287072658,0.4050585329532623,0.0092647867277264,0.1190166026353836,0.0031098450999706,0.9001457691192627,0.0631536617875099,0.4420288503170013,0.2704922258853912,0.0179445333778858,0.3618169724941253,0.0044242236763238,0.0382193848490715,0.041990790516138,0.4181145131587982,0.0771761909127235,0.0481914542615413,0.1439893692731857,0.0173825696110725,0.0632171779870987,0.0401306636631488,0.0620806515216827,0.06187404692173,0.0710662677884101,15,0.7222222222222222,8,0.7222222222222222,9,0.8333333333333334,27,0.7222222222222222
селигдар,0.0348933711647987,0.0979623347520828,0.0225607771426439,0.0241941027343273,0.0549044869840145,0.5155389904975891,0.4343298375606537,0.5830127596855164,0.1572633385658264,0.1732940077781677,0.0333301350474357,0.4574379026889801,0.0405159294605255,0.2552584707736969,0.008524446748197,0.0189814548939466,0.0693833231925964,0.3680199980735779,0.3900838196277618,0.0519246496260166,0.0135816065594553,0.0359628610312938,0.1144307851791381,0.0726711973547935,0.2806155681610107,0.0080639598891139,0.2295641899108886,0.0055927643552422,0.799920916557312,0.0913869515061378,0.4155107736587524,0.3871307671070099,0.0353131219744682,0.4708128869533539,0.0074538066983222,0.1040655896067619,0.064191848039627,0.3739788830280304,0.0842123851180076,0.0840507969260215,0.1746608018875122,0.0317464768886566,0.1104981899261474,0.0797109231352806,0.0727496221661567,0.0467631630599498,0.1046386659145355,45,0.5,58,0.2777777777777778,45,0.5,16,0.8333333333333334
юнипро,0.0187327116727828,0.0454398430883884,0.0107452999800443,0.019131751731038,0.0369499288499355,0.6583781242370605,0.4263230264186859,0.398419439792633,0.1542512029409408,0.1726096421480178,0.0170993283390998,0.506942093372345,0.0125349480658769,0.2329311668872833,0.0059441337361931,0.0106923254206776,0.0585536509752273,0.2648297548294067,0.4105016589164734,0.0403461754322052,0.0083701172843575,0.0195769425481557,0.0891374200582504,0.0584942772984504,0.3337576687335968,0.0050384677015244,0.1211923956871032,0.0028525597881525,0.8477274179458618,0.0882292613387107,0.439013659954071,0.4061906039714813,0.0243915878236293,0.3057688474655151,0.0074164499528706,0.073568969964981,0.0439411997795105,0.3862517476081848,0.0507098510861396,0.0453920923173427,0.1219356805086135,0.0259156879037618,0.0770260170102119,0.0680723562836647,0.0517374873161315,0.0694086030125618,0.0904875919222831,56,0.3888888888888889,63,0.16666666666666666,54,0.3888888888888889,46,0.6111111111111112
сегежа,0.0451253801584243,0.0945508107542991,0.0258759222924709,0.0408678390085697,0.075060948729515,0.566425621509552,0.514728844165802,0.495200902223587,0.2351487725973129,0.2178726345300674,0.0392389707267284,0.4780553877353668,0.0287436507642269,0.3364093601703644,0.0129184424877166,0.0162199288606643,0.0581984147429466,0.4409330189228058,0.5028595924377441,0.0458637811243534,0.0133594218641519,0.0419997684657573,0.0861112996935844,0.0901416391134262,0.3124648928642273,0.0164075270295143,0.2855524122714996,0.0035216810647398,0.8325132727622986,0.0858909487724304,0.3558670580387115,0.3921664357185364,0.0516093000769615,0.5128912925720215,0.0086047332733869,0.0820262655615806,0.0629305392503738,0.3741175234317779,0.069971777498722,0.0789652019739151,0.1805112808942794,0.0240803100168705,0.0942325666546821,0.1085411608219146,0.0758699625730514,0.059261430054903,0.1175227686762809,55,0.3888888888888889,56,0.2777777777777778,50,0.5,60,0.5
аэрофлот,0.0235407203435897,0.0552771016955375,0.020064141601324,0.0270029734820127,0.0379265248775482,0.4732311069965362,0.3304534256458282,0.537024199962616,0.1199239715933799,0.103424996137619,0.020517474040389,0.4340169131755829,0.0147315626963973,0.2893714606761932,0.0075322156772017,0.0114740263670682,0.0481020212173461,0.3027921617031097,0.4489091038703918,0.0241105444729328,0.0127496588975191,0.0154353016987442,0.0998141765594482,0.0866671204566955,0.2900133728981018,0.0049923975020647,0.1866528689861297,0.0024126020725816,0.7212736010551453,0.0518381856381893,0.2911697030067444,0.4840133786201477,0.0282637029886245,0.2644031047821045,0.011753536760807,0.0730436891317367,0.053303625434637,0.3718411326408386,0.0391031876206398,0.0541842840611934,0.1039609760046005,0.0242117382586002,0.0567202717065811,0.0747867673635482,0.0894170925021171,0.0483678616583347,0.047178391367197,30,0.6111111111111112,37,0.3888888888888889,23,0.7222222222222222,28,0.7222222222222222
афк система,0.0305509846657514,0.0962722599506378,0.0303508397191762,0.036207765340805,0.0836727991700172,0.4905309975147247,0.4122448861598968,0.5798425078392029,0.1738942861557006,0.1548009514808654,0.0312011335045099,0.5482768416404724,0.0327203534543514,0.1940423101186752,0.0159645229578018,0.020525012165308,0.0447248369455337,0.3934514224529266,0.4767461121082306,0.0340371653437614,0.0163877606391906,0.0408769063651561,0.1010988056659698,0.1157354637980461,0.3556298315525055,0.0165898483246564,0.2292058020830154,0.0032375648152083,0.7910188436508179,0.0807385519146919,0.3060557544231415,0.5121363997459412,0.0423256829380989,0.3280226290225982,0.0111322756856679,0.0862869471311569,0.0831709429621696,0.3927090764045715,0.0805451869964599,0.0814018175005912,0.2016274780035019,0.0234462190419435,0.099170871078968,0.1244108229875564,0.0842594355344772,0.0535321459174156,0.0663887485861778,67,0.3888888888888889,109,0.05555555555555555,86,0.2777777777777778,40,0.6111111111111112
сургутнефтегаз,0.0316491276025772,0.0945980101823806,0.0291583016514778,0.0467556789517402,0.0810386016964912,0.6667423844337463,0.5033502578735352,0.5321489572525024,0.2338201701641082,0.2259905636310577,0.0406943969428539,0.6601806879043579,0.0520192123949527,0.3256427645683288,0.0156661570072174,0.0265062451362609,0.0735850855708122,0.455308049917221,0.4966143071651459,0.0522851273417472,0.0112252905964851,0.0590644627809524,0.1132873818278312,0.1198897510766983,0.3864072561264038,0.0163817666471004,0.2460599541664123,0.0063444143161177,0.8313944339752197,0.1157944276928901,0.417815238237381,0.4794285893440246,0.0534680411219596,0.4875662326812744,0.0144904516637325,0.1022227182984352,0.0822147354483604,0.4506860077381134,0.0822167322039604,0.0728340595960617,0.2192573249340057,0.0249222517013549,0.1246177032589912,0.1190767437219619,0.0654262155294418,0.0697928518056869,0.1025135293602943,72,0.2777777777777778,39,0.3888888888888889,110,0.16666666666666666,102,0.3888888888888889
лукойл,0.027974359691143,0.0628455802798271,0.0156277306377887,0.032729085534811,0.0558916814625263,0.5490405559539795,0.3803661167621612,0.544023871421814,0.1723217815160751,0.196257933974266,0.0223031695932149,0.4445060491561889,0.02202626504004,0.1906803995370865,0.0088834417983889,0.0148943522945046,0.0521587878465652,0.4160020351409912,0.3880937695503235,0.0548017434775829,0.0120226228609681,0.034747127443552,0.0942467078566551,0.0777512714266777,0.3128479719161987,0.0115541461855173,0.1754358559846878,0.0035183792933821,0.8349940180778503,0.0821381658315658,0.4182711243629455,0.4629318118095398,0.0378361456096172,0.3648203611373901,0.0094922883436083,0.0839956402778625,0.0556389018893241,0.3487589359283447,0.0664914399385452,0.0734729096293449,0.1630798280239105,0.0232392773032188,0.1107967868447303,0.0786296874284744,0.0698633417487144,0.06204579398036,0.0992462560534477,17,0.7222222222222222,19,0.6111111111111112,17,0.7222222222222222,12,0.8333333333333334
банк санкт-петербург,0.0296203587204217,0.0807900354266166,0.015686647966504,0.0325963236391544,0.0560035891830921,0.5266168117523193,0.352650910615921,0.4804301261901855,0.1894099563360214,0.1492618471384048,0.0218520667403936,0.5556986331939697,0.0189119093120098,0.2746399343013763,0.0085278609767556,0.0103517696261405,0.0509918592870235,0.414198487997055,0.3369459211826324,0.0325989089906215,0.0086857434362173,0.0272994041442871,0.067585177719593,0.0822544321417808,0.3617011308670044,0.007338149473071,0.2521357834339142,0.0031659130472689,0.7940614223480225,0.0568033270537853,0.3289414048194885,0.4718093574047088,0.0289222355931997,0.3934772610664367,0.0056518204510211,0.0764377191662788,0.0447113886475563,0.3314996361732483,0.0747442543506622,0.0567064099013805,0.1421305686235427,0.0261313486844301,0.084632322192192,0.0706614106893539,0.0828073173761367,0.0435338765382766,0.0859623998403549,123,0.16666666666666666,156,0.05555555555555555,156,0.05555555555555555,92,0.3888888888888889
мечел,0.0238372813910245,0.0862326547503471,0.01927893422544,0.031943067908287,0.0662473067641258,0.5440133213996887,0.4519161283969879,0.6064294576644897,0.1922283619642257,0.2116423696279525,0.0289853271096944,0.482712835073471,0.0255528911948204,0.2555848956108093,0.0128654427826404,0.0153231676667928,0.0572150386869907,0.4420207440853119,0.4101265072822571,0.0623999498784542,0.0101385060697793,0.0418605729937553,0.1220444068312645,0.0875288322567939,0.3040129542350769,0.0068124048411846,0.2309483587741851,0.004278072156012,0.8367444276809692,0.0725746899843216,0.532346248626709,0.5206894278526306,0.0501536466181278,0.4254032373428345,0.0083876410499215,0.1245475336909294,0.084174059331417,0.4311641752719879,0.0941188111901283,0.0663552433252334,0.2303927093744278,0.0282224658876657,0.1464227437973022,0.1102348938584327,0.0717623755335807,0.0643422678112983,0.0843345448374748,112,0.16666666666666666,117,0.05555555555555555,123,0.16666666666666666,95,0.3888888888888889
русагро,0.0156194660812616,0.0332140251994133,0.0173102393746376,0.0175248365849256,0.0266465991735458,0.5868760347366333,0.3911507427692413,0.3996340930461883,0.1233025267720222,0.0942178592085838,0.0184028707444667,0.3782418370246887,0.0122617948800325,0.194851666688919,0.0046316548250615,0.009637638926506,0.0403695590794086,0.1672611385583877,0.3294292986392975,0.0256490986794233,0.0073798894882202,0.0107693783938884,0.0804067626595497,0.0615923851728439,0.27472984790802,0.003343841060996,0.1159188523888588,0.0022897666785866,0.7020179033279419,0.0424932464957237,0.410857617855072,0.401538610458374,0.023721495643258,0.2235634326934814,0.0066690417006611,0.0471585020422935,0.0564981512725353,0.3111870288848877,0.0379865765571594,0.0446189157664775,0.1129900366067886,0.0182561483234167,0.0400260910391807,0.0525670498609542,0.0515141710638999,0.0434269867837429,0.0571535788476467,99,0.16666666666666666,142,0.05555555555555555,136,0.05555555555555555,54,0.6111111111111112
роснефть,0.0185328684747219,0.0585013628005981,0.0165036562830209,0.0323777124285697,0.037717942148447,0.6212742328643799,0.4190527498722076,0.5961248278617859,0.1801109910011291,0.1315887123346328,0.0227098725736141,0.4868044257164001,0.0235032364726066,0.2667086720466614,0.0077032353729009,0.0141215771436691,0.0480999052524566,0.3874164819717407,0.3725462853908539,0.0433715358376503,0.015647554770112,0.0248131491243839,0.112713024020195,0.0773750245571136,0.433303564786911,0.0068114628084003,0.1585158556699752,0.0027755759656429,0.8255186676979065,0.0837981700897216,0.3936882019042969,0.5575772523880005,0.0274427942931652,0.2996638715267181,0.0083298720419406,0.0999319702386856,0.0720874667167663,0.4509223699569702,0.0715005025267601,0.0604043640196323,0.1812130510807037,0.0207351297140121,0.0775635987520217,0.0776837766170501,0.0806958600878715,0.0637490525841713,0.066035158932209,5,0.8333333333333334,4,0.8333333333333334,22,0.7222222222222222,5,0.9444444444444444
татнефть,0.0271044708788394,0.1397669315338134,0.0164566785097122,0.0333655960857868,0.1050348579883575,0.4626889526844024,0.3759025335311889,0.5169130563735962,0.1789595335721969,0.3782074153423309,0.0625867247581482,0.6249594688415527,0.0441349186003208,0.1748905479907989,0.0191362723708152,0.0282869972288608,0.0501411408185958,0.380746066570282,0.4062355458736419,0.0736950784921646,0.0133555941283702,0.0418931655585765,0.0876809060573577,0.0808325633406639,0.3557334840297699,0.0314210355281829,0.2651304602622986,0.0073489323258399,0.7950447797775269,0.1034793406724929,0.4077196419239044,0.4123387634754181,0.0726816281676292,0.5386933088302612,0.0134171601384878,0.096153937280178,0.0895286202430725,0.403494119644165,0.1124178618192672,0.0547120310366153,0.251177430152893,0.0356854163110256,0.1550857871770858,0.1364328861236572,0.075949802994728,0.0844781845808029,0.1203576996922493,4,0.8333333333333334,13,0.7222222222222222,5,0.8333333333333334,6,0.8333333333333334
русал,0.0147825041785836,0.0320190414786338,0.0156161589547991,0.0242484230548143,0.0310470648109912,0.5256145596504211,0.3349619805812835,0.4563079178333282,0.104931890964508,0.0927905812859535,0.019945103675127,0.3634607195854187,0.0128981489688158,0.1949603259563446,0.0050303279422223,0.0115052750334143,0.0336351357400417,0.2487204372882843,0.3373714089393616,0.020733380690217,0.0084989741444587,0.0180075969547033,0.0729456841945648,0.0771301314234733,0.2469151318073272,0.0034614969044923,0.1408995985984802,0.0020162458531558,0.7845568060874939,0.065401554107666,0.2919555008411407,0.4610992968082428,0.0191553328186273,0.2905691266059875,0.0058966618962585,0.0588018298149108,0.0424226038157939,0.3702693879604339,0.0274031721055507,0.0571783185005188,0.1448097229003906,0.0193353369832038,0.0450854636728763,0.0554267838597297,0.0479496903717517,0.0266619473695755,0.044327013194561,14,0.7222222222222222,11,0.7222222222222222,15,0.7222222222222222,8,0.8333333333333334
глобалтранс,0.0174114741384983,0.0380879193544387,0.0137761235237121,0.020221447572112,0.0355925597250461,0.5707976818084717,0.3465913534164428,0.3168204724788666,0.1002110615372657,0.0518541783094406,0.0127391545102,0.2973706722259521,0.0096814939752221,0.2223105132579803,0.0047281291335821,0.0155490916222333,0.0480906032025814,0.1980416029691696,0.2681138813495636,0.02640987560153,0.0086747230961918,0.011282306164503,0.0804705321788787,0.0766175389289856,0.2866951525211334,0.0042512812651693,0.1125472113490104,0.0028067706152796,0.7566182017326355,0.0572212189435958,0.3727948069572449,0.3705478012561798,0.0184371154755353,0.2365481257438659,0.0040686978027224,0.059912234544754,0.0579072088003158,0.3118242919445038,0.0263929478824138,0.0476608984172344,0.0834706798195838,0.0187257397919893,0.0392108745872974,0.0427517220377922,0.0576907992362976,0.0447013489902019,0.0618169456720352,63,0.3888888888888889,65,0.16666666666666666,74,0.2777777777777778,51,0.6111111111111112
северсталь,0.0286726150661706,0.0896077901124954,0.0172764081507921,0.032477967441082,0.0779819265007972,0.508533775806427,0.4990842342376709,0.5639122724533081,0.1401127278804779,0.2255394607782364,0.0382310487329959,0.5258826613426208,0.0327168889343738,0.216558039188385,0.0197345688939094,0.0210598912090063,0.0858608111739158,0.397293359041214,0.3937778174877167,0.0638198405504226,0.0180723387748003,0.0373638048768043,0.0987471640110015,0.0747811496257782,0.3391860723495483,0.01840116456151,0.218935951590538,0.0047406842932105,0.8443218469619751,0.1008393317461013,0.4230833053588867,0.3426076173782348,0.0523277930915355,0.4690738916397095,0.00868721306324,0.0914325192570686,0.0731826871633529,0.352674126625061,0.104014828801155,0.0782369077205658,0.2239544987678527,0.0358595438301563,0.1217701882123947,0.1326334923505783,0.0963905379176139,0.0775653719902038,0.1315066814422607,13,0.7222222222222222,6,0.8333333333333334,7,0.8333333333333334,34,0.6111111111111112
